"latin","tox"
"brillia immaculata",-1.70941221999836
"unknown (dicranota genus)",-1.46133617078458
"eiseniella tetraedra",-0.785741965185805
"serratella ignita",-0.99044328817731
"unknown (leuctra genus)",-1.23651826727689
"hydropsyche angustipennis",-1.21889965944282
"limnodrilus hoffmeisteri",1.23080113319292
"tubifex tubifex",1.22906588340917
"gammarus balcanicus",-0.458820582233871
"unknown (elmis genus)",-0.404648134744333
"rhyacophila nubila",-1.26417444046086
"stylodrilus heringianus",-0.811894638630409
"caenis rivulorum",-1.43006161709745
"unknown (limnius genus)",-0.515591440538323
"ephemera danica",-0.562481775980731
"unknown (nematoda phylum)",1.38762378117249
"unknown (ceratopogonidae family)",-1.40490116649052
"habroleptoides confusa",-1.81609552768866
"polypedilum convictum",-1.89540889237667
"unknown (fridericia genus)",1.52796991655594
"cognettia glandulosa",1.37937344752373
"unknown (conchapelopia genus)",-1.72878079914035
"baetis rhodani",-1.09711479871626
"unknown (simulium genus)",-1.63108664436936
"unknown (perla genus)",-1.00966364689721
"ecdyonurus venosus",-1.67711953741033
"prodiamesa olivacea",-1.75604738930524
"unknown (lebertia genus)",1.16817683326394
"unknown (hydraena genus)",-0.497892301145408
"unknown (micropsectra genus)",-1.74628122292687
"elmis aenea",-0.507253665999955
"cricotopus tremulus",-1.84314091146006
"unknown (potamothrix genus)",1.27503771375966
"unknown (parametriocnemus genus)",-1.73512617798638
"unknown (hexatoma genus)",-1.28382259146579
"unknown (virgatanytarsus genus)",-1.83326852061933
"onychogomphus forcipatus",-0.468914890226488
"unknown (gerris genus)",-0.179831809002558
"unknown (tabanus genus)",-1.21897301808246
"procloeon pennulatum",-1.20364863418821
"unknown (laccobius genus)",-0.286427445378134
"silo nigricornis",-1.29075879165217
"calopteryx splendens",-0.271896186295241
"hydroptila sparsa",-1.32622691827933
"unknown (tanytarsus genus)",-1.78211001686662
"microtendipes pedellus",-1.83440928799397
"rheocricotopus fuscipes",-1.75385832183786
"hydropsyche bulbifera",-1.24374119486398
"unknown (tipula genus)",-1.11055136080668
"baetis fuscatus",-1.10465862236864
"unknown (esolus genus)",-0.490179066513583
"unknown (platyhelminthes phylum)",1.25254120595931
"platambus maculatus",-0.720778551015495
"ablabesmyia longistyla",-1.87299007853587
"rhyacophila vulgaris",-1.34670685029356
"nais communis",1.2553170689505
"polypedilum nubeculosum",-1.71747986559424
"unknown (saetheria genus)",-1.76612845291775
"micropsectra junci",-1.72914249500245
"brillia modesta",-1.75655773122725
"nais alpina",1.20861756154812
"baetis scambus",-1.13750471616861
"unknown (brillia genus)",-1.81894928773606
"unknown (chelifera genus)",-1.38133808789874
"unknown (isoperla genus)",-1.18793667729613
"unknown (limnesia genus)",1.30048971157563
"sperchon glandulosus",1.26953673244994
"isoperla grammatica",-1.50178313043903
"ecdyonurus torrentis",-1.72260840768169
"unknown (nais genus)",1.22606823262341
"unknown (ecdyonurus genus)",-1.62330398285391
"unknown (drusus genus)",-1.63607140216722
"unknown (cricotopus genus)",-1.84432572689674
"unknown (perlodes genus)",-1.17399126817276
"unknown (nemoura genus)",-1.21077702132091
"paracladius alpicola",-1.77409406904205
"atherix ibis",-1.37020188297772
"unknown (caenis genus)",-1.56034137925498
"unknown (potamophylax genus)",-1.62996842422437
"unknown (beraea genus)",-1.43636927833057
"rhyacophila philopotamoides",-1.37065599850382
"perlodes microcephalus",-1.21047747514523
"corynoneura scutellata",-1.84599537020857
"baetis alpinus",-1.11850384620842
"unknown (baetis genus)",-1.17070383526653
"baetis vernus",-1.08269476962608
"unknown (silo genus)",-1.26999042141318
"sericostoma personatum",-1.20000294180158
"nais barbata",1.2696921336351
"nais bretscheri",1.26257940112815
"unknown (hydropsyche genus)",-1.16344427833607
"unknown (atractides genus)",1.15578839634444
"unknown (eukiefferiella genus)",-1.80887289494797
"unknown (chaetogaster genus)",1.24405136508681
"rhyacophila fasciata",-1.29533578157903
"unknown (bezzia genus)",-1.19012549706318
"unknown (limnephilus genus)",-1.56491333140567
"unknown (rheocricotopus genus)",-1.73825652920901
"unknown (ephemerellidae family)",-0.961153714765521
"heptagenia sulphurea",-1.60621919900891
"rhithrogena semicolorata",-1.77161581882076
"hydropsyche pellucidula",-1.18701418771522
"erpobdella octoculata",-0.378035236636242
"zwicknia bifrons",-1.1342444095157
"unknown (chironomus genus)",-1.97110615239469
"unknown (chironomidae family)",-1.60757966921691
"glossiphonia complanata",-0.269511472537271
"stylaria lacustris",1.14546117505148
"unknown (thienemannimyia genus)",-1.73599207678529
"unknown (gammarus genus)",-0.346409473460736
"elmis latreillei",-0.438400478752684
"leuctra nigra",-1.27112209424593
"perla bipunctata",-1.11418393448747
"ancylus fluviatilis",1.7033601758755
"hydropsyche instabilis",-1.18778417570447
"perla marginata",-1.12813072968485
"epeorus sylvicola",-1.8772116908103
"gammarus roeselii",-0.286706747168342
"dinocras cephalotes",-1.0535902418236
"cloeon dipterum",-0.939383941691554
"baetis lutheri",-1.14873915323088
"baetis buceratus",-1.27701475066374
"unknown (torrenticola genus)",1.14088118239446
"unknown (gyraulus genus)",1.44223255329794
"gyraulus albus",1.63458509170215
"unknown (pisidium genus)",0.593603280873979
"centroptilum luteolum",-1.16553702705934
"leptophlebia marginata",-1.798578531161
"leptophlebia vespertina",-1.82359388042254
"calopteryx virgo",-0.269082625555659
"leuctra digitata",-1.1364452174838
"unknown (oulimnius genus)",-0.428863640431245
"unknown (oxyethira genus)",-1.3956239102838
"polycentropus flavomaculatus",-1.3651021842494
"unknown (athripsodes genus)",-1.43498461716569
"oecetis testacea",-1.32103555859412
"unknown (lepidoptera order)",-0.93178254232174
"ameletus inopinatus",-1.08322678048353
"alainites muticus",-1.14139514115749
"heptagenia dalecarlica",-1.71503006283869
"ephemerella aurivillii",-1.03057817144059
"unknown (simuliidae family)",-1.57782155545251
"unknown (empididae family)",-1.36485559180689
"bathyomphalus contortus",1.48244336434994
"unknown (leptophlebia genus)",-1.74811003015381
"unknown (ephemerella genus)",-1.10294022790186
"unknown (odonata order)",-0.195508669682388
"isoperla difformis",-1.15503949568904
"amphinemura borealis",-1.28411309866222
"unknown (rhyacophila genus)",-1.41320978245433
"unknown (hydroptila genus)",-1.39764044990981
"unknown (ithytrichia genus)",-1.36625272298113
"hydropsyche siltalai",-1.13066133534076
"baetis subalpinus",-1.20928123216653
"unknown (halesus genus)",-1.62190511632833
"unknown (limoniidae family)",-1.15510793219633
"unknown (cloeon genus)",-0.836982924641123
"nigrobaetis niger",-1.14104660254145
"limnius volckmari",-0.37893054670976
"ephemera vulgata",-0.454485215593796
"cordulegaster boltonii",-0.22872929200745
"amphinemura sulcicollis",-1.21396933868964
"leuctra fusca",-1.23345866332665
"agapetus ochripes",-1.22380446332868
"lepidostoma hirtum",-1.36587100665886
"unknown (psychodidae family)",-1.43985516970004
"asellus aquaticus",0.785875653819334
"siphlonurus alternatus",-1.14862659664584
"cymatia bonsdorffii",-0.400565357988943
"unknown (micronecta genus)",-0.647916816401083
"sialis lutaria",-0.935244938488026
"neureclipsis bimaculata",-1.33640795260278
"molannodes tinctus",-1.35349858155904
"psychomyia pusilla",-1.1819585422224
"ceraclea dissimilis",-1.35772151830789
"protonemura meyeri",-1.2950918227553
"unknown (tipulidae family)",-1.41603078114511
"peregriana peregra",1.70171553858217
"unknown (sphaeriidae family)",0.52467163261819
"unknown (amphinemura genus)",-1.28505114863892
"isoperla obscura",-1.32170874712986
"brachyptera risi",-1.11029686883157
"nemoura avicularis",-1.21242107199518
"skwala compacta",-1.12639660917011
"diura nanseni",-1.15254161827328
"oreodytes sanmarkii",-0.644271896749952
"unknown (oreodytes genus)",-0.721565713566272
"unknown (aphelocheiridae family)",-0.473630646110222
"unknown (atyidae family)",0.839808369823493
"unknown (baetidae family)",-1.12610690773787
"unknown (caenidae family)",-1.46699052798142
"unknown (culicidae family)",-1.37509702677326
"unknown (dytiscidae family)",-0.641883164225806
"unknown (elmidae family)",-0.465592359572154
"unknown (gammaridae family)",-0.327501931092673
"unknown (gerridae family)",-0.268944722144928
"unknown (hydrobiidae family)",1.80752298714401
"unknown (hydrophilidae family)",-0.152973457927235
"unknown (hydropsychidae family)",-1.18586639578672
"unknown (hydroptilidae family)",-1.47556934815661
"unknown (clitellata class)",-0.815159807971058
"unknown (sialidae family)",-1.16536689632665
"unknown (planorbidae family)",1.48145275832741
"unknown (brachycentridae family)",-1.55523425093881
"unknown (erpobdellidae family)",-0.522653222537775
"unknown (heptageniidae family)",-1.75840204729715
"unknown (hydracarina genus)",1.11480252453025
"unknown (leptoceridae family)",-1.47161898074595
"unknown (leuctridae family)",-1.17019109366586
"unknown (limnephilidae family)",-1.54493307365285
"unknown (lymnaeidae family)",1.73644674353591
"unknown (polycentropodidae family)",-1.29580876144659
"unknown (rhyacophilidae family)",-1.19780995468588
"unknown (tabanidae family)",-1.31406465432338
"unknown (athericidae family)",-1.36584553441002
"unknown (corixidae family)",-0.437459016655106
"unknown (nemouridae family)",-1.20078078617543
"unknown (odontoceridae family)",-1.47112872227271
"unknown (perlidae family)",-1.10326188390561
"unknown (sericostomatidae family)",-1.36519022618347
"unknown (blephariceridae family)",-1.2855164112609
"unknown (hydraenidae family)",-0.526402452486604
"unknown (sciomyzidae family)",-1.37479125731518
"unknown (veliidae family)",-0.826703884958816
"unknown (dryopidae family)",-0.399893017789599
"unknown (glossiphoniidae family)",-0.73103504204533
"unknown (gomphidae family)",-0.32073435859802
"unknown (leptophlebiidae family)",-1.78584397855291
"unknown (naucoridae family)",-0.457075547759482
"unknown (potamanthidae family)",-1.24066017848869
"unknown (scirtidae family)",-0.517218491607261
"unknown (stratiomyidae family)",-1.18259696729529
"unknown (cordulegasteridae family)",-0.237304978175734
"unknown (ephemeridae family)",-0.376476125396331
"unknown (glossosomatidae family)",-1.27683947180481
"unknown (gyrinidae family)",-0.868504869656818
"unknown (rhagionidae family)",-1.27037367056261
"unknown (anthomyiidae family)",-1.35396287919599
"unknown (calopterygidae family)",-0.201488169301757
"unknown (lepidostomatidae family)",-1.41322817710025
"unknown (ostracoda class)",0.632926081683566
"unknown (psychomyiidae family)",-1.25012262663589
"unknown (dixidae family)",-1.31909622049503
"unknown (philopotamidae family)",-1.51860010459597
"unknown (hydrometridae family)",-0.719728673977368
"unknown (physidae family)",1.39123632096155
"unknown (chloroperlidae family)",-1.21119311129551
"unknown (goeridae family)",-1.33653367954594
"unknown (perlodidae family)",-1.01210311288538
"unknown (helophoridae family)",-0.486235146342477
"unknown (hydrochidae family)",-0.400129727374373
"unknown (nepidae family)",-0.742310428250918
"unknown (notonectidae family)",-0.329314302318124
"unknown (pacifastacus genus)",0.93069235422004
"unknown (scleractinia order)",1.73035503118776
"unknown (asellidae family)",1.02200787472467
"unknown (coenagrionidae family)",0.214563906334014
"unknown (maxillopoda class)",0.411406530438812
"unknown (neritidae family)",1.67485150830559
"unknown (polymitarcyidae family)",-1.01246069756831
"unknown (procambarus genus)",1.02430614491853
"unknown (aeshnidae family)",-0.0156511581645926
"unknown (haliplidae family)",-0.460339391445457
"unknown (lestidae family)",-0.951387158644612
"unknown (platycnemididae family)",0.0506831312635613
"unknown (pleidae family)",-0.548391646299054
"unknown (siphlonuridae family)",-1.2582460977269
"unknown (muscidae family)",-1.24440568416588
"unknown (libellulidae family)",-0.145438315226276
"unknown (bithyniidae family)",1.70140636209241
"unknown (thiaridae family)",1.76103051677386
"unknown (valvatidae family)",1.73696020146669
"unknown (oligoneuriidae family)",-1.13614152818342
"unknown (dolichopodidae family)",-1.30713334175552
"unknown (curculionidae family)",-0.555648357004806
"unknown (noteridae family)",-0.439814424507198
"unknown (ephydridae family)",-1.42064132902294
"unknown (phryganeidae family)",-1.13516121370353
"unknown (ecnomidae family)",-1.29136865120322
"unknown (bythinellidae family)",1.70710953363309
"unknown (unionidae family)",-0.0346422783343769
"unknown (corbicula genus)",0.544727054951883
"procambarus clarkii",1.32980049304184
"pacifastacus leniusculus",0.903844252997186
"unknown (syrphidae family)",-1.27179999862032
"unknown (hygrobiidae family)",-0.46718093243582
"unknown (hirudinidae family)",-0.33980724648698
"unknown (beraeidae family)",-1.39448671960304
"dreissena polymorpha",0.0313976713690504
"unknown (pediciidae family)",-1.28026265938233
"unknown (succineidae family)",1.65810276930037
"unknown (dinocras genus)",-1.16151623104457
"unknown (protonemura genus)",-1.30996124468134
"taeniopteryx hubaulti",-0.982777468788285
"austropotamobius pallipes",0.954299269604564
"gammarus dalmatinus",-0.30419513004481
"unknown (ephemera genus)",-0.308567811174621
"mystacides azureus",-1.55809002120553
"unknown (oecetis genus)",-1.41651043214105
"platycnemis pennipes",-0.0285678678524689
"unknown (lumbriculidae family)",-0.698376974248146
"peregriana labiata",1.72139084759787
"lumbriculus variegatus",-1.17092597312807
"helobdella stagnalis",-0.883228843360333
"erpobdella vilnensis",-0.459212435790525
"anabolia furcata",-1.64320825569454
"unknown (mystacides genus)",-1.52454354365275
"potthastia longimana",-1.8602241777907
"unknown (orthocladius genus)",-1.77119709009661
"unknown (tvetenia genus)",-1.8134364092436
"paratendipes albimanus",-1.67217164856718
"unknown (polypedilum genus)",-1.79347898256289
"unknown (rheotanytarsus genus)",-1.79249690468587
"deronectes latus",-0.665639395222139
"pedicia rivosa",-1.3455174273569
"polypedilum pedestre",-1.74009428504142
"simulium argyreatum",-1.67434334995135
"simulium ornatum",-1.78103747275346
"unknown (arachnida class)",1.31000898396468
"epeorus assimilis",-1.97218787605544
"unknown (rhithrogena genus)",-1.631434059075
"isoperla oxylepis",-1.1677516891001
"isoperla rivulorum",-1.22319146664812
"chloroperla tripunctata",-1.22763186467991
"siphonoperla torrentium",-1.19767497362985
"brachyptera seticornis",-0.997043362820881
"leuctra inermis",-1.33358878455844
"leuctra rauscheri",-1.21467584855
"hydraena gracilis",-0.441511428126985
"limnius perrisi",-0.401904362827453
"rhyacophila tristis",-1.33731517619381
"glossosoma conformis",-1.32302345494186
"micrasema longulum",-1.52664007744725
"micrasema minimum",-1.70905069544502
"anomalopterygella chauviniana",-1.52335645572084
"drusus discolor",-1.58197248243761
"allogamus auricollis",-1.58130489572061
"halesus digitatus",-1.57738330557489
"silo pallipes",-1.32679132895367
"unknown (sericostoma genus)",-1.2967823714702
"unknown (liponeura genus)",-1.32153351706229
"liponeura cinerascens",-1.30599999194391
"diamesa insignipes",-1.80738040906474
"tvetenia calvescens",-1.88652773542155
"prosimulium hirtipes",-1.56922374206429
"gammarus fossarum",-0.360842631072816
"sialis fuliginosa",-1.04831309912623
"halesus radiatus",-1.61879174497298
"apsectrotanypus trifascipennis",-1.61064880448023
"unknown (macropelopia genus)",-1.68971362336383
"heterotrissocladius marcidus",-1.72835656780286
"paracladopelma camptolabis",-1.78908630146024
"tanytarsus gregarius",-1.74323662672079
"unknown (chrysops genus)",-1.35923469601343
"unknown (tubifex genus)",1.34024402572749
"unknown (limnodrilus genus)",1.25420532669048
"unknown (erpobdella genus)",-0.430892195572895
"ampullaceana balthica",1.64755626549322
"unknown (ecclisopteryx genus)",-1.51861597407126
"potamophylax latipennis",-1.63297135652106
"unknown (tonnoiriella genus)",-1.42414050319329
"unknown (procladius genus)",-1.80052560109751
"diamesa tonsa",-1.70221583257475
"microtendipes chloris",-1.80872658101574
"polypedilum scalaenum",-1.86964170064697
"unknown (riolus genus)",-0.595303964643312
"drusus annulatus",-1.52522800302565
"odontocerum albicorne",-1.3163439309318
"unknown (limnophila genus)",-1.36297173887896
"unknown (logima genus)",-1.31993699714554
"simulium vernum",-1.73671864609115
"chelifera stigmatica",-1.41883362746042
"nais elinguis",1.2705672333389
"pristina longiseta",1.30926488804314
"bothrioneurum vejdovskyanum",1.21700196685482
"unknown (aulodrilus genus)",1.20419827771728
"propappus volki",-0.795796262950005
"piscicola geometra",-0.771125782279934
"bithynia tentaculata",1.74891732089838
"valvata piscinalis",1.79141567741414
"corbicula fluminea",0.572442797454735
"pisidium supinum",0.444595035756691
"proasellus coxalis",1.21334625263823
"procloeon bifidum",-1.13415231393112
"raptobaetopus tenellus",-1.04268712061127
"heptagenia flava",-1.74005053937832
"potamanthus luteus",-1.16056368765801
"ephoron virgo",-1.0266133406346
"caenis macrura",-1.50076766442119
"caenis pseudorivulorum",-1.51236734349303
"aphelocheirus aestivalis",-0.539509345865686
"hydropsyche contubernalis",-1.30561867439604
"hydropsyche modesta",-1.26618979247365
"athripsodes cinereus",-1.43493117522706
"rheocricotopus chalybeatus",-1.72907127316915
"polypedilum albicorne",-1.89220546973979
"polypedilum cultellatum",-1.85247222381068
"unknown (cladotanytarsus genus)",-1.73763150959752
"unknown (telopelopia genus)",-1.68670735529517
"simulium equinum",-1.68716567666055
"simulium erythrocephalum",-1.73558962072247
"simulium reptans",-1.67510145509927
"unknown (hemerodromia genus)",-1.35097795871011
"elmis maugetii",-0.434896019333407
"dixa nubilipennis",-1.27516148654112
"micropsectra atrofasciata",-1.73059375714743
"simulium angustipes",-1.70438054626253
"gordius aquaticus",1.7721530678404
"chaetopteryx villosa",-1.84973531709631
"halesus tesselatus",-1.61534978840487
"athripsodes bilineatus",-1.44930697551026
"sericostoma schneideri",-1.24858489187755
"unknown (diamesa genus)",-1.74073314302427
"hydrocyphon deflexicollis",-0.506396640705726
"esolus parallelepipedus",-0.451081378482869
"allogamus uncatus",-1.5888525060149
"unknown (dixa genus)",-1.16712220939441
"ablabesmyia monilis",-1.74727292411125
"tvetenia bavarica",-1.81914668712271
"polypedilum laetum",-1.77719159391661
"simulium monticola",-1.73802267574911
"habrophlebia lauta",-1.77830498989175
"ephemerella mucronata",-1.01308856462063
"torleya major",-1.14556418772319
"tinodes rostocki",-1.13534054445829
"brachycentrus montanus",-1.46376277595066
"ecdyonurus macani",-1.65449767175452
"hydroptila occulta",-1.42216296667689
"rhithrogena carpatoalpina",-1.7984590683153
"hydropsyche fulvipes",-1.15593822439079
"perla abdominalis",-1.12561803295832
"leuctra hippopus",-1.21746922769131
"hydropsyche saxonica",-1.24712477751582
"unknown (gordius genus)",1.62380068873601
"astacus astacus",0.993613159903827
"oecetis notata",-1.5146543891465
"ecclisopteryx dalecarlica",-1.5636155604027
"potamophylax cingulatus",-1.62791327751332
"lithax niger",-1.35256859271507
"leuctra albida",-1.23516025937871
"hydropsyche incognita",-1.13456938070789
"spirosperma ferox",1.28406603940305
"erpobdella nigricollis",-0.475007649988009
"sphaerium corneum",0.501621625212841
"ephemerella notata",-1.02760202847205
"unknown (onychogomphus genus)",-0.379970208121885
"rhyacophila dorsalis",-1.29167598344187
"brachycentrus subnubilus",-1.40304765157806
"unknown (ceraclea genus)",-1.44754997558079
"unknown (potthastia genus)",-1.77021070239592
"unknown (paratrichocladius genus)",-1.69652804958968
"unknown (wiedemannia genus)",-1.2625984444572
"unknown (naididae family)",1.24971697476918
"pisidium henslowanum",0.462269328774224
"unknown (deronectes genus)",-0.652749430690143
"unknown (electrogena genus)",-1.77774356381408
"habrophlebia fusca",-1.72604914771958
"paraleptophlebia werneri",-1.70974702798515
"oulimnius tuberculatus",-0.478594966912993
"unknown (psychoda genus)",-1.37332351069117
"unknown (paramerina genus)",-1.79439907252716
"unknown (hydra genus)",0.878417925393726
"ophidonais serpentina",1.2959799231345
"rhynchelmis limosella",-0.719247763729706
"haemopis sanguisuga",-0.509826746462395
"galba truncatula",1.55263978167788
"unknown (corduliidae family)",-0.0246984187636574
"unknown (sympetrum genus)",-0.269202298423293
"unknown (sigara genus)",-0.387387441442123
"sigara falleni",-0.41337312689225
"sigara striata",-0.297634642983849
"unknown (sialis genus)",-1.12303198846191
"unknown (haliplus genus)",-0.458231188438447
"unknown (agabus genus)",-0.69390490722113
"unknown (ilybius genus)",-0.695916712221338
"limnephilus decipiens",-1.62570021135226
"unknown (aedes genus)",-1.4059660000383
"psectrotanypus varius",-1.79401723648882
"tanypus kraatzi",-1.78014040278167
"unknown (xenopelopia genus)",-1.83196073810843
"unknown (corynoneura genus)",-1.86560267964436
"cricotopus bicinctus",-1.86926123870189
"unknown (nanocladius genus)",-1.74060840072695
"unknown (thienemanniella genus)",-1.73224015963815
"unknown (paracladopelma genus)",-1.79036033530648
"unknown (parachironomus genus)",-1.75104798494898
"simulium longirostre",-1.69598019710008
"haplotaxis gordioides",1.51402205396889
"unknown (stylodrilus genus)",-0.63452492516638
"isoperla goertzi",-1.26938340174964
"protonemura intricata",-1.12798283357901
"esolus angustatus",-0.510905629358777
"rhyacophila obliterata",-1.39879675922182
"rhyacophila polonica",-1.33203678135318
"ceratopsyche silfvenii",-1.1118871826
"unknown (annitella genus)",-1.57837876124437
"chaetopterygopsis maclachlani",-1.47027751735023
"potamophylax luctuosus",-1.67571775677069
"unknown (rheopelopia genus)",-1.61312684773336
"simulium tuberosum",-1.83986613448275
"psammoryctides albicola",1.28912486231731
"nemurella pictetii",-1.11622016732095
"ranatra linearis",-0.624315568132282
"notonecta glauca",-0.250013166225142
"hydrometra stagnorum",-0.872043040987586
"gerris lacustris",-0.160795412082489
"ilybius fuliginosus",-0.64491238399022
"unknown (rhantus genus)",-0.683566682125995
"anacaena limbata",-0.297603672207439
"orectochilus villosus",-0.761026237640629
"mystacides nigra",-1.35862170962735
"unknown (psectrotanypus genus)",-1.75850126273707
"unknown (zavrelimyia genus)",-1.76314350171404
"unknown (microtendipes genus)",-1.78351397995364
"unknown (paratanytarsus genus)",-1.70707002036065
"unknown (limnophora genus)",-1.29061707646217
"rhithrogena beskidensis",-1.65398074563705
"plea minutissima",-0.563898209773809
"hydraena dentipes",-0.474161914139223
"unknown (chaetopteryx genus)",-1.61302766211567
"chaetopteryx major",-1.71219567127517
"silo piceus",-1.2773214208073
"antocha vitripennis",-1.34402028000917
"demicryptochironomus vulneratus",-1.80656307315059
"rhyacodrilus coccineus",1.19455829941786
"glossiphonia nebulosa",-0.606228839555843
"pseudocloeon calcaratum",-1.07482329984911
"brachycercus harrisella",-1.46161416223673
"gomphus vulgatissimus",-0.362551988673064
"ophiogomphus cecilia",-0.398868701367
"leuctra mortoni",-1.23306722493422
"lype reducta",-1.21132179420169
"unknown (cryptochironomus genus)",-1.75828771899475
"unknown (stictochironomus genus)",-1.72747064488827
"limnodrilus claparedianus",1.28251723975036
"dicranota bimaculata",-1.35148890321096
"unknown (anodonta genus)",-0.138279382233821
"anodonta anatina",-0.0106903424815277
"musculium lacustre",0.715034089769752
"pisidium subtruncatum",0.457545954306221
"goera pilosa",-1.3811681504031
"athripsodes aterrimus",-1.55204406671974
"mystacides longicornis",-1.44562879542995
"eukiefferiella brevicalcar",-1.75933364987025
"unknown (paracricotopus genus)",-1.80353199563731
"parametriocnemus stylatus",-1.87743839549785
"paratrissocladius excerptus",-1.85420639340375
"pisidium nitidum",0.523218664350462
"pisidium personatum",0.491016512346076
"annitella obscurata",-1.62890489559297
"ceraclea annulicornis",-1.38745778921454
"unknown (ablabesmyia genus)",-1.79507777676604
"brillia flavifrons",-1.79544342270425
"unknown (phaenopsectra genus)",-1.72433960174138
"unknown (apsectrotanypus genus)",-1.70015175715021
"unknown (asellus genus)",1.06928150867126
"unknown (cercyon genus)",-0.346970043030211
"unknown (dryops genus)",-0.496731494064195
"unknown (eloeophila genus)",-1.23973141090803
"unknown (epoicocladius genus)",-1.7413222284525
"unknown (hygrobates genus)",1.16197020977981
"unknown (lype genus)",-1.15148560579544
"unknown (mideopsis genus)",1.12747394764166
"unknown (odagmia genus)",-1.63656699808051
"unknown (orectochilus genus)",-0.793853176478059
"unknown (osmylus genus)",-0.461199097309102
"unknown (platambus genus)",-0.656026176713419
"unknown (plectrocnemia genus)",-1.35542476926455
"unknown (prodiamesa genus)",-1.73558815239091
"unknown (sperchon genus)",1.23752446518933
"unknown (velia genus)",-0.639828428020691
"unknown (wettina genus)",1.02924261367197
"kageronia fuscogrisea",-1.76732909063691
"taeniopteryx nebulosa",-0.944504704857479
"unknown (agapetus genus)",-1.40441640135886
"ceratopsyche newae",-1.03073635521675
"cheumatopsyche lepida",-0.891205004924849
"micrasema setiferum",-1.55672490321116
"stenelmis canaliculata",-0.430591441007476
"unknown (pyralidae family)",-0.845348824825912
"chimarra marginata",-1.40751877961119
"unknown (diura genus)",-1.17611203942691
"arctopsyche ladogensis",-1.1733790332884
"unknown (radix genus)",1.663502171687
"capnopsis schilleri",-1.10585785651594
"unknown (apatania genus)",-1.36714678042681
"metretopus borealis",-1.24338352951189
"plectrocnemia conspersa",-1.2386351004346
"micrasema gelidum",-1.64491677214151
"siphonoperla burmeisteri",-1.16665496501017
"unknown (habrophlebia genus)",-1.72642665770283
"oligostomis reticulata",-1.22027898840591
"athripsodes albifrons",-1.55227509137985
"dina punctata",-0.35847048401686
"hydropsyche exocellata",-1.12616138032961
"simulium lineatum",-1.60943187472853
"italobdella ciosi",-0.745791993140361
"riolus cupreus",-0.508379059753674
"anabolia nervosa",-1.61636834744225
"gammarus pulex",-0.345208658575857
"limnephilus rhombicus",-1.57581605350205
"molanna angustata",-1.28426453044803
"viviparus contectus",1.54624974933914
"amphinemura standfussi",-1.2248005497083
"unknown (micropterna genus)",-1.44408483573011
"pisidium amnicum",0.371945787396269
"unknown (elodes genus)",-0.583107642726591
"baetis vardarensis",-1.08794603790643
"ceraclea alboguttata",-1.37463562642295
"lasiocephala basalis",-1.47718093637057
"sericostoma flavicorne",-1.31798907013188
"acroloxus lacustris",1.65943891503336
"agapetus fuscipes",-1.26332994931819
"unknown (calopteryx genus)",-0.288385462139215
"unknown (limnephilid genus)",-1.52646002015155
"unknown (haplotaxida order)",1.34625004354881
"caenis horaria",-1.49348318771008
"hemiclepsis marginata",-0.837044854875127
"planorbis carinatus",1.46720299767765
"potamopyrgus antipodarum",1.61546566875564
"unknown (nebrioporus genus)",-0.705287167893401
"anisus vortex",1.53958422676103
"unknown (spongillidae family)",1.67843417957002
"unio tumidus",-0.012499747703496
"unknown (bithynia genus)",1.75514247053188
"lymnaea stagnalis",1.56057134534911
"unknown (niphargus genus)",-0.148426461002135
"viviparus viviparus",1.53729084222966
"ladislavella mighelsi",1.58595305298757
"unknown (stagnicola genus)",1.50138772654515
"unknown (aeshna genus)",0.070875764234766
"caenis luctuosa",-1.46484836570992
"caenis robusta",-1.51803865765722
"chelicorophium curvispinum",0.0894496188586394
"gammarus tigrinus",-0.298777998694421
"dikerogammarus villosus",-0.427114994279805
"unknown (dikerogammarus genus)",-0.464382548288869
"noterus clavicornis",-0.530342495112029
"unknown (heptagenia genus)",-1.60630855497607
"lepidostoma basale",-1.40078331365734
"unknown (turbellaria class)",1.05118438718826
"elodes minuta",-0.430597435460141
"theodoxus fluviatilis",1.60445092457892
"bithynia leachii",1.66298002653336
"pisidium milium",0.55592189029971
"planorbarius corneus",1.54169118127192
"planorbis planorbis",1.56267534985195
"unknown (physella genus)",1.55644145816497
"pontogammarus robustoides",-0.173022302440923
"laccophilus hyalinus",-0.776035085528646
"atrichops crassipes",-1.39175771057223
"ecnomus tenellus",-1.37983889870902
"radix auricularia",1.59605970705804
"unknown (procloeon genus)",-1.22119110862278
"unio pictorum",0.0311696675464045
"leptocerus interruptus",-1.25014023281652
"unknown (leptocerus genus)",-1.26747375398858
"physa fontinalis",1.55978791216819
"somatochlora metallica",-0.329698569000889
"unknown (hemiptera order)",-0.65022259474781
"glossiphonia heteroclita",-0.610737523861683
"unknown (spongilla genus)",1.73198147884494
"adicella reducta",-1.49375762562975
"limnophora riparia",-1.31008102363231
"stenophylax lateralis",-1.59418077639072
"potamophylax rotundipennis",-1.66917525309124
"stictotarsus duodecimpustulatus",-0.855827731438947
"ithytrichia lamellaris",-1.53672629680745
"brachycentrus maculatus",-1.62819088411661
"lestes viridis",-0.916919018854483
"chironomus plumosus",-2.26490865376701
"unknown (glossiphonia genus)",-0.614623165835836
"ischnura elegans",-0.137564526517799
"limnephilus lunatus",-1.58130726956068
"oecetis lacustris",-1.46753058839511
"potamothrix hammoniensis",1.20231148359716
"chironomus riparius",-1.86667259263527
"simulium lundstromi",-1.66896819940184
"agabus didymus",-0.716525869929631
"unknown (gyrinus genus)",-0.913806411450813
"haliplus fluviatilis",-0.414017779649244
"unknown (helophorus genus)",-0.568891315918993
"nebrioporus elegans",-0.75905946518617
"unknown (corophium genus)",0.149740608219969
"unknown (holocentropus genus)",-1.41243121908094
"libellula fulva",-0.248030930988989
"orthetrum cancellatum",-0.328795558623435
"sphaerium rivicola",0.489404389520051
"alboglossiphonia hyalina",-0.701927743851952
"unknown (piscicola genus)",-0.786719677895039
"hyphydrus ovatus",-0.791679814334465
"unknown (scirtes genus)",-0.421543400743843
"cloeon simile",-0.870346943184646
"cyrnus trimaculatus",-1.37951689053666
"lype phaeopa",-1.23300732329423
"unknown (sphaerium genus)",0.525814209011002
"leptocerus tineiformis",-1.20272613801254
"unknown (graphoderus genus)",-0.608650006072155
"unknown (laccophilus genus)",-0.530717038016086
"unknown (orthotrichia genus)",-1.47754696604492
"unknown (coenagrion genus)",0.145168417928847
"unknown (gomphus genus)",-0.421541273061343
"nepa cinerea",-0.672996886823579
"sigara fossarum",-0.362098443383466
"anacaena globula",-0.32036380418837
"graptodytes pictus",-0.721600503776517
"haliplus sibiricus",-0.421482048443772
"hydroglyphus geminus",-0.59823520607805
"sigara nigrolineata",-0.337305463030258
"unknown (chaoboridae family)",-0.736243378665323
"anacaena bipustulata",-0.28015634272408
"unknown (pedicia genus)",-1.37347335197351
"brychius elevatus",-0.523844752560894
"hemiclepsis tessulata",-0.80844077370958
"hydropsyche bulgaromanorum",-1.21122733782751
"hydrobius fuscipes",-0.07726350331947
"oligoneuriella rhenana",-1.14203889657782
"unknown (ylodes genus)",-1.4239844603524
"hydropsyche guttata",-1.11185256214697
"stagnicola corvus",1.75304396647822
"simulium costatum",-1.68407727151402
"ilybius chalconatus",-0.773824704826139
"velia caprai",-0.662766723680204
"hydropsyche dinarica",-1.24361357986346
"electrogena lateralis",-1.74387201563622
"ceraclea senilis",-1.43636460658414
"limnephilus flavicornis",-1.42573033732098
"agraylea multipunctata",-1.46561705863494
"agraylea sexmaculata",-1.51345322782949
"tinodes waeneri",-1.28479907146087
"dikerogammarus haemobaphes",-0.372292847830132
"sisyra nigra",-0.578775021130568
"ephydatia fluviatilis",1.62817074031088
"valvata cristata",1.83792177995705
"unknown (anisus genus)",1.4946725512532
"hydroporus palustris",-0.596805261242127
"oecetis ochracea",-1.43984155921767
"unknown (insecta class)",-0.542952192181604
"haliplus lineatocollis",-0.337072843157358
"nebrioporus depressus",-0.76540157160759
"cyrnus crenaticornis",-1.38459744926353
"oxyethira flavicornis",-1.43073992314514
"sigara lateralis",-0.363910190735658
"helophorus aquaticus",-0.550347917991693
"helophorus minutus",-0.477937459602997
"hygrotus impressopunctatus",-0.689114003617548
"ochthebius minimus",-0.482458716670346
"callicorixa praeusta",-0.402159819251826
"triaenodes bicolor",-1.43889395508394
"unknown (cyphon genus)",-0.398766978748372
"haliplus ruficollis",-0.339406152981987
"helophorus obscurus",-0.531006167790951
"glyphotaelius pellucidus",-1.60672089879528
"limnephilus stigma",-1.54078548082667
"phryganea grandis",-1.26211244573534
"trichostegia minor",-1.15132952930591
"cyrnus flavidus",-1.25586304222382
"enochrus melanocephalus",-0.230748073828983
"gyrinus substriatus",-0.919162376087051
"electrogena affinis",-1.83477111544629
"limnephilus ignavus",-1.58171053278536
"hesperocorixa sahlbergi",-0.289121227966067
"unknown (paraleptophlebia genus)",-1.70655190624201
"notonecta obliqua",-0.279703013233284
"unknown (lumbricidae family)",-0.600805959229749
"unknown (notonecta genus)",-0.311402778273403
"limnephilus affinis",-1.59490389976417
"sigara semistriata",-0.384878957751371
"physella acuta",1.33386148096038
"paraleptophlebia submarginata",-1.98158621631351
"paraleptophlebia cincta",-1.81634850063096
"agabus bipustulatus",-0.72851726234538
"unknown (anacaena genus)",-0.158081542765676
"unknown (hydroporus genus)",-0.546885622276053
"stenophylax sequax",-1.59257334660573
"dytiscus marginalis",-0.789761740975141
"nemoura cinerea",-1.19177733759571
"limnephilus griseus",-1.62520324614867
"ecdyonurus dispar",-1.68244877309911
"tipula maxima",-1.22070405380346
"micronecta minutissima",-0.733729441121319
"laccobius minutus",-0.226349190468362
"paracladius conversus",-1.7596571888236
"psectrocladius sordidellus",-1.84451003650197
"epoicocladius flavens",-1.79673724143393
"euglesa casertana",0.598335131436199
"unknown (beris genus)",-1.24864452579552
"limnephilus fuscicornis",-1.51521857612776
"laccophilus minutus",-0.677992460035856
"anacaena lutescens",-0.203181010510133
"noterus crassicornis",-0.463898366212635
"stagnicola palustris",1.59408277741209
"unknown (dytiscus genus)",-0.616234704035398
"erpobdella monostriata",-0.468550096303557
"chironomus nudiventris",-1.88796660095485
"clinotanypus nervosus",-1.83310066963153
"glyptotendipes imbecillis",-1.69461711975396
"gammarus varsoviensis",-0.40433014126266
"ilybius fenestratus",-0.657920915475054
"brachytron pratense",-0.118878034316807
"unknown (glyptotendipes genus)",-1.77247095261356
"parachironomus arcuatus",-1.84345909945373
"unknown (demicryptochironomus genus)",-1.6839205032308
"haliplus laminatus",-0.506965039404008
"unknown (diptera order)",-1.36198181132678
"faxonius limosus",1.02037473413308
"beraeodes minutus",-1.3367630312606
"limnephilus coenosus",-1.48146453357069
"microcara testacea",-0.432743984270573
"fredericella sultana",1.12514319732286
"unknown (plumatella genus)",0.806370621789762
"tinodes pallidulus",-1.25181161678718
"unknown (tinodes genus)",-1.2381534892928
"chironomus tentans",-2.20562209916146
"ilyocoris cimicoides",-0.161366407200919
"unknown (dixella genus)",-1.34802144595336
"agabus uliginosus",-0.793774773351729
"glyptotendipes pallens",-1.6638896362616
"glyptotendipes paripes",-1.60981491763854
"riolus nitens",-0.562561921678308
"haliplus immaculatus",-0.400259880440526
"ilybius quadriguttatus",-0.733610643213801
"micropsectra notescens",-1.84492080938036
"unknown (ptychoptera genus)",-1.44507983994678
"pisidium hibernicum",0.43325532790522
"micronecta poweri",-0.751311569619839
"aeshna cyanea",0.0135771921751856
"monodiamesa bathyphila",-1.75256477841025
"agapetus nimbulus",-1.3620586088067
"unknown (habroleptoides genus)",-1.88062210103819
"elmis rioloides",-0.410296435642743
"hydraena truncata",-0.48373971640347
"limnius opacus",-0.427252008232548
"riolus subviolaceus",-0.569322162744273
"hydroporus angustatus",-0.602854086131786
"helophorus brevipalpis",-0.45728556515397
"agabus undulatus",-0.660541397172759
"paludicella articulata",1.33757368245874
"unknown (bryozoa phylum)",1.4392893480073
"dixa nebulosa",-1.34550723100195
"laccobius sinuatus",-0.147768112417176
"unknown (stratiomys genus)",-1.38304926415441
"unknown (enochrus genus)",-0.287400316951107
"anodonta cygnea",-0.0466302713027257
"dicrotendipes nervosus",-1.75414687013548
"glossiphonia concolor",-0.676959114645773
"aplexa hypnorum",1.43597828073513
"pisidium obtusale",0.628035365519927
"sphaerium solidum",0.540588606587841
"tanypus punctipennis",-1.7292943510212
"unknown (jaera genus)",1.07576987021795
"unknown (brachycentrus genus)",-1.47235918469317
"ecdyonurus insignis",-1.62945231692102
"leuctra geniculata",-1.20795525687563
"glossosoma boltoni",-1.34734849488188
"simulium variegatum",-1.64616458960302
"baetis liebenauae",-1.26947389710421
"thereva plebeja",-1.21958322549573
"unknown (chloroperla genus)",-1.18136622982061
"ecdyonurus helveticus",-1.69744113994073
"glossosoma bifidum",-1.34139908329263
"liponeura cordata",-1.4123710426423
"nemoura mortoni",-1.21885306589654
"rhithrogena hybrida",-1.70096725459577
"simulium argenteostriatum",-1.72911299932515
"rhithrogena alpestris",-1.6600631348644
"rhithrogena diaphana",-1.6434293030623
"agrypnia varia",-1.239309135023
"limnephilus marmoratus",-1.58008260825704
"cataclysta lemnata",-0.540431903017751
"enallagma cyathigerum",0.0748170646568756
"erythromma najas",0.056464445377854
"simulium morsitans",-1.72307023982717
"anopheles plumbeus",-1.39480691075722
"simulium trifasciatum",-1.78506433675943
"porhydrus lineatus",-0.743425958414145
"simulium noelleri",-1.81607374958177
"unknown (hydrachnidae family)",1.16299074556613
"enochrus testaceus",-0.284699700578893
"dictyogenus alpinum",-1.17626835369736
"unknown (glossosoma genus)",-1.27622170911262
"hydropsyche tenuis",-1.14173109719892
"unknown (piscicolidae family)",-0.769542620154431
"psammoryctides barbatus",1.29555991440735
"caenis lactea",-1.54076895084427
"perla burmeisteriana",-1.17999307264389
"unknown (serratella genus)",-1.02947052245396
"unknown (polycentropus genus)",-1.26948328776388
"unknown (centroptilum genus)",-1.20400023006928
"caenis beskidensis",-1.56285288911131
"agrypnia pagetana",-1.21854957520079
"ceraclea fulva",-1.4210896494592
"hygrotus inaequalis",-0.729481937517774
"orthotrichia costalis",-1.46023638250308
"unknown (phryganea genus)",-1.24814501021605
"helochares obscurus",-0.269025145868625
"unknown (limnebius genus)",-0.394008514508484
"rhantus exsoletus",-0.685839551883805
"colymbetes fuscus",-0.752212439312541
"dytiscus dimidiatus",-0.62024594847
"suphrodytes dorsalis",-0.818766151769223
"unknown (microcara genus)",-0.463108518891596
"holocentropus picicornis",-1.34306233111963
"oecetis furva",-1.37095183742182
"ylodes detruncatus",-1.49300974781269
"cymbiodyta marginella",-0.154703528694479
"enochrus bicolor",-0.3517654263492
"enochrus quadripunctatus",-0.278539849485214
"helophorus flavipes",-0.443062027163044
"hydroporus striola",-0.697297055020937
"rhantus frontalis",-0.729327439916669
"sigara hellensii",-0.414685329476673
"acilius canaliculatus",-0.746149626334896
"hydroporus tristis",-0.667938896483157
"hydroporus umbrosus",-0.736593439193454
"limnephilus extricatus",-1.51227212716995
"dryops luridus",-0.565616594168151
"haliplus heydeni",-0.471755039722378
"hydrochus angustatus",-0.31249941239587
"laccobius bipunctatus",-0.217007280596542
"limnebius truncatellus",-0.347537369281553
"enochrus affinis",-0.296140744603913
"hydraena riparia",-0.469256659986483
"hydroporus incognitus",-0.663716253360773
"lithax obscurus",-1.2681584289805
"enochrus coarctatus",-0.325722767878386
"hygrotus decoratus",-0.602265463575998
"unknown (atherix genus)",-1.34426704942402
"ceraclea nigronervosa",-1.47149249339977
"choroterpes picteti",-1.80388391960721
"agabus paludosus",-0.682771914824259
"notidobia ciliaris",-1.20244515780405
"anisus septemgyratus",1.51991566595846
"hippeutis complanatus",1.5737382358607
"procladius choreus",-1.77617043824023
"unknown (stenochironomus genus)",-1.80330774104182
"microtendipes rydalensis",-1.81363632881131
"unknown (limnophyes genus)",-1.7583438385452
"tvetenia discoloripes",-1.77030579594102
"cardiocladius fuscus",-1.73105378074304
"tvetenia verralli",-1.77009240526808
"hesperocorixa linnaei",-0.347794000933494
"notonecta maculata",-0.280920808163753
"sigara limitata",-0.433599775969842
"unknown (philopotamus genus)",-1.33329908124316
"unknown (nematomorpha phylum)",1.6609365063772
"pyrrhosoma nymphula",0.1522754991695
"aquarius najas",-0.271368290409485
"sigara distincta",-0.336328287161856
"dicrotendipes notatus",-1.76496245110769
"ilybius ater",-0.764221539685195
"paratanytarsus lauterborni",-1.69575238790438
"unknown (lispe genus)",-1.28911354282743
"sphaerium nucleus",0.448049315838823
"chironomus luridus",-1.95203538703076
"unknown (crambidae family)",-0.665355338369622
"unknown (bythinella genus)",1.64247168005676
"spongilla lacustris",1.66317942609448
"corynoneura carriana",-1.95514474462866
"cricotopus sylvestris",-1.88782990746187
"nanocladius bicolor",-1.79752151123164
"unknown (ephydatia genus)",1.75521823184791
"labiobaetis tricolor",-1.11543273297558
"prosimulium tomosvaryi",-1.5467851423334
"unknown (antocha genus)",-1.36633595115515
"limnodrilus udekemianus",1.34076361915583
"dina lineata",-0.43421317786471
"dixella aestivalis",-1.32632652887423
"hydatophylax infumatus",-1.64732226461608
"simulium aureum",-1.67382074264287
"simulium urbanum",-1.66644080828216
"corixa punctata",-0.583784773348952
"hesperocorixa castanea",-0.401372827626888
"agabus sturmii",-0.700565510380977
"unknown (molophilus genus)",-1.1256339334963
"tinodes unicolor",-1.34691088940064
"potamothrix moldaviensis",1.17596576152939
"crangon crangon",1.1300337841959
"gammarus zaddachi",-0.285617999084748
"neomysis integer",0.604022055488178
"unknown (siphonoperla genus)",-1.28294105597699
"hygrotus confluens",-0.664006288551284
"glossiphonia verrucata",-0.701470757222135
"unknown (wormaldia genus)",-1.45479197070628
"margaritifera margaritifera",0.00296635701910013
"aeshna grandis",0.0583293622206263
"ceraclea albimacula",-1.36413293067801
"lestes sponsa",-0.989166754612231
"unknown (lestes genus)",-0.931896437812603
"beris clavipes",-1.36708057594806
"unknown (corixa genus)",-0.400601783787003
"unknown (agrypnia genus)",-1.20673032825481
"unknown (halacaridae family)",1.30870659858679
"unknown (heterotrissocladius genus)",-1.62626378749913
"unknown (trichoptera order)",-1.32973027957645
"unknown (anopheles genus)",-1.48493611299637
"eurycercus lamellatus",1.04327683874347
"gammarus lacustris",0.1465984924598
"unknown (branchiura genus)",1.37238416033367
"cyrnus insolutus",-1.32751399474708
"sigara dorsalis",-0.410065613285907
"potamophylax nigricornis",-1.62034915191995
"unknown (enchytraeidae family)",1.42772758024727
"euglesa ponderosa",0.440885919819661
"ampullaceana lagotis",1.61601687443504
"unknown (hydrobius genus)",-0.130851695124198
"unknown (hydrocyphon genus)",-0.594676412272075
"unknown (plateumaris genus)",-0.540306728621927
"rhantus suturalis",-0.648308176955261
"unknown (libellula genus)",-0.308953436595024
"limnephilus auricula",-1.51876810873476
"phryganea bipunctata",-1.27418712397708
"philopotamus montanus",-1.43873038564483
"unknown (spirosperma genus)",1.25792104823329
"unknown (dina genus)",-0.55300890041584
"unknown (prosimulium genus)",-1.52619114769486
"unknown (stenelmis genus)",-0.541928696927036
"agriotypus armatus",-0.830238074218601
"cordulia aenea",-0.292505410847716
"unknown (anax genus)",-0.0031004587519443
"conchapelopia melanops",-1.78622982798935
"aulodrilus pluriseta",1.08937479675253
"limnodrilus claparedeianus",1.28385384278419
"paralauterborniella nigrohalteralis",-1.78895267062439
"anax imperator",0.0472867980008614
"notonecta lutea",-0.353369674910293
"coenagrion scitulum",0.0748545009852904
"limnephilus nigriceps",-1.54857579616505
"hydrochus elongatus",-0.411691789272645
"simulium angustitarse",-1.85115291185919
"melampophylax mucoreus",-1.59562122576078
"agabus biguttatus",-0.718284842298294
"tipula lateralis",-1.22576186488171
"anisus spirorbis",1.55938866665722
"unknown (hydaticus genus)",-0.654270575831522
"pseudopsilopteryx zimmeri",-1.51048971055822
"baetis nexus",-1.18049127024891
"bithynia transsilvanica",1.72064871713312
"pisidium crassum",0.410883293090132
"hydraena palustris",-0.460709854165902
"hydrochara caraboides",-0.115078921569435
"unknown (callicorixa genus)",-0.403755917323479
"unknown (helochares genus)",-0.254308869351145
"sympetrum sanguineum",-0.321309478575199
"unknown (orconectes genus)",0.917260712556836
"wormaldia occipitalis",-1.39680988996253
"unknown (thaumaleidae family)",-1.28974481488682
"ochthebius melanescens",-0.433935874251986
"unknown (astacus genus)",1.03713918380098
"unknown (decapoda order)",0.90665401703334
"limnephilus sparsus",-1.52351907787372
"holocentropus stagnalis",-1.32594477150325
"plumatella emarginata",0.789084198592201
"robackia demeijerei",-1.70575855609657
"libellula quadrimaculata",-0.300324809896113
"cryptochironomus obreptans",-1.67462252162072
"enoicyla pusilla",-1.57574023667352
"unknown (oplodontha genus)",-1.25231113833066
"odontomesa fulva",-1.86111960233116
"macropelopia nebulosa",-1.80868115302171
"oecismus monedula",-1.22316227805367
"plectrocnemia geniculata",-1.24086192017295
"endochironomus albipennis",-1.70399456765645
"stagnicola fuscus",1.55235775048447
"baetis nubecularis",-1.10802616160353
"hydroporus discretus",-0.6162437890886
"omphiscola glabra",1.59293241828734
"crangonyx pseudogracilis",-0.0579216601857469
"sphaerium ovale",0.505976642745826
"physella heterostropha",1.81586608201662
"hydroptila forcipata",-1.43855809499901
"velia saulii",-0.661575646008467
"odeles marginata",-0.530240921306492
"hydraena melas",-0.49994451002618
"unknown (plecoptera order)",-0.979251096498691
"grammotaulius nigropunctatus",-1.50931033312986
"hydroptila angulata",-1.42221272140888
"paracorixa concinna",-0.38152104759091
"peltodytes caesus",-0.544337076313754
"prodiamesa rufovittata",-1.88560083612954
"agraylea pallicornis",-1.47003783661691
"hydroporus nigrita",-0.685404315609882
"hydroporus planus",-0.625094965773836
"unknown (succinea genus)",1.61463747667908
"hydraena excisa",-0.530916214697514
"limnephilus binotatus",-1.64437817688774
"segmentina nitida",1.54210490686588
"spercheus emarginatus",-0.493558902604175
"polypedilum bicrenatum",-1.77477673264201
"chironomus alpestris",-1.95725189490646
"unknown (amphipoda order)",-0.0938689917085638
"unknown (argulus genus)",0.555560347816935
"unknown (somatochlora genus)",-0.123935585695193
"limnoporus rufoscutellatus",-0.221177221625905
"aeshna isosceles",0.0558728764868962
"hydrometra gracilenta",-0.650435196839824
"branchiura sowerbyi",1.18420605451538
"pettancylus clessiniana",1.56035677994847
"pectinatella magnifica",0.658616283486336
"jaera istri",1.04510726736265
"unknown (brachycercus genus)",-1.54431166240257
"cristatella mucedo",0.951399851346783
"gerris argentatus",-0.235346330289233
"unknown (dicrotendipes genus)",-1.70973793341716
"hypania invalida",1.26288703780467
"parachironomus frequens",-1.77983555489919
"unknown (unio genus)",0.00973588914128659
"erpobdella testacea",-0.574951230782154
"haliplus flavicollis",-0.345292086629469
"unknown (colymbetes genus)",-0.753370344782902
"hygrotus versicolor",-0.68468726333929
"rhantus latitans",-0.670764467766857
"leuctra moselyi",-1.23195585801609
"holocentropus dubius",-1.3413440017247
"limnephilus hirsutus",-1.57528623785485
"orthetrum brunneum",-0.312225833867872
"nymphula nitidulata",-0.821130172760895
"cymatia coleoptrata",-0.422177927718104
"heterocerus fenestratus",-0.52070214884956
"agabus congener",-0.701729575163696
"anopheles maculipennis",-1.16410557710542
"orthocladius lignicola",-1.70615233200265
"dratnalia potamophylaxi",-1.85705923272552
"ylodes simulans",-1.44894637988777
"unknown (thaumalea genus)",-1.24154149671118
"dixa maculata",-1.27273221130308
"echinogammarus ischnus",-0.389865846820978
"ferrissia californica",1.56605513647852
"jaera sarsi",1.03121275868079
"limnomysis benedeni",0.5574081624156
"chelicorophium sowinskyi",0.0573778117883482
"chelicorophium robustum",0.0413829100809609
"dreissena bugensis",0.301609902466622
"unknown (chelicorophium genus)",-0.0383721276803298
"eunapius fragilis",1.67394045809754
"corbicula fluminalis",0.594012710452792
"unknown (stictotarsus genus)",-0.707304577863871
"macropelopia adaucta",-1.76090630200689
"laccobius striatulus",-0.113132355227634
"gerris thoracicus",-0.238074675946189
"microvelia reticulata",-0.711985445540055
"cercyon marinus",-0.125933510657433
"augyles hispidulus",-0.456954855528631
"gyrinus natator",-0.801606911127489
"paralimnophyes hydrophilus",-1.70965644254328
"baetis melanonyx",-1.08536990117974
"lophochaeta ignota",1.24877181330221
"caspiobdella fadejewi",-0.791340395387954
"unknown (microvelia genus)",-0.669532328734394
"eylais extendens",1.25796159113044
"hydrachna globosa",1.18293092170752
"sigara iactans",-0.382255478304248
"unknown (sisyra genus)",-0.528232231679955
"unknown (triaenodes genus)",-1.52528942401525
"dreissena rostriformis",0.239245240099134
"unknown (dreissena genus)",0.209894236704834
"trochospongilla horrida",1.65121888074774
"cryptorchestia cavimana",-0.210126159758044
"micronecta griseola",-0.759753074071293
"cymatia rogenhoferi",-0.376093392680143
"setodes punctatus",-1.48277502878686
"oecetis tripunctata",-1.48346596320413
"oxyethira tristella",-1.40530214823433
"cybister lateralimarginalis",-0.748831437061736
"orthetrum coerulescens",-0.33888434975571
"coenagrion puella",0.0906792377817077
"coenagrion mercuriale",0.140828887368666
"unknown (orthetrum genus)",-0.238536791218471
"ochthebius bicolon",-0.466256129509537
"erythromma viridulum",0.0942651711447521
"unknown (sympecma genus)",-0.860474574276313
"unknown (corophiidae family)",0.108744298677448
"plumatella fungosa",0.840236666526962
"gomphus pulchellus",-0.289823534059021
"chironomus obtusidens",-1.91279486220126
"unknown (microchironomus genus)",-1.81412151540077
"unknown (lipiniella genus)",-1.79080070038037
"unknown (endochironomus genus)",-1.76747794415399
"acilius sulcatus",-0.624368848773414
"placobdella costata",-0.765843409942589
"glyptotendipes barbipes",-1.75963558395806
"hydroptila vectis",-1.4062402461504
"stenophylax nycterobius",-1.56699025943205
"elmis obscura",-0.492778698894192
"wormaldia subnigra",-1.41656276123259
"perlodes dispar",-1.09747815613404
"unknown (ulomyia genus)",-1.30034770616395
"graphoderus cinereus",-0.693253952349223
"limnephilus politus",-1.65290133051705
"unknown (potamonidae family)",0.938870737339125
"unknown (cordulegastridae family)",-0.213523911024258
"unknown (capniidae family)",-1.07073984942985
"unknown (hebridae family)",-0.755361702666193
"unknown (chrysomelidae family)",-0.436815752301187
"unknown (araneae order)",1.52046495444863
"unknown (viviparidae family)",1.35126602124114
"unknown (cambaridae family)",1.0152898259756
"unknown (neoephemeridae family)",-1.08660107868669
"unknown (isonychiidae family)",-0.695340883203581
"unknown (cyrenidae family)",0.252635539049571
"unknown (acroloxidae family)",1.58214672566164
"unknown (haemopidae family)",-0.530148379656365
"unknown (astacidae family)",0.891787279992945
"unknown (dreissenidae family)",0.411723323843382
"unknown (gordiidae family)",1.75861389920161
"unknown (hydrozoa class)",1.14896133978062
"unknown (molannidae family)",-1.22750172335092
"unknown (sisyridae family)",-0.615837133006681
"unknown (mesoveliidae family)",-0.681824788398947
"unknown (spercheidae family)",-0.440643189934683
"unknown (osmylidae family)",-0.632967500409627
"unknown (ptychopteridae family)",-1.27473850013822
"unknown (tricyphona genus)",-1.41639309611677
"unknown (anabolia genus)",-1.6315839279651
"unknown (hygrotus genus)",-0.61924315611019
"unknown (planorbis genus)",1.46686257473083
"unknown (isopoda order)",0.9829348069012
"unknown (viviparus genus)",1.55263866766121
"unknown (valvata genus)",1.72832036792569
"parapoynx stratiotata",-0.690336045689851
"unknown (theromyzon genus)",-0.778157215052249
"unknown (branchiopoda class)",0.834347629960613
"unknown (siphlonurus genus)",-1.20547238154112
"unknown (psychomyidae family)",-1.24640480150579
"unknown (isonychia genus)",-0.591147909564745
"acentria ephemerella",-0.735170293919032
"unknown (malacostraca class)",0.728114721167473
"unknown (calamoceratidae family)",-1.40092895079847
"unknown (helicopsychidae family)",-1.40019613215065
"unknown (uenoidae family)",-1.40294587076132
"unknown (taeniopterygidae family)",-0.980793543346816
"unknown (psephenidae family)",-0.38765670511156
"unknown (hydroscaphidae family)",-0.630862119642281
"unknown (scathophagidae family)",-1.33905868735702
"unknown (cordulegaster genus)",-0.192038435307567
"unknown (echinogammarus genus)",-0.381370011920738
"unknown (nepa genus)",-0.656451193294592
"unknown (potamopyrgus genus)",1.6708049947685
"unknown (thremmatidae family)",-1.21218336554502
"unknown (platycnemis genus)",0.0700998670401066
"unknown (aphelocheirus genus)",-0.54327997160908
"atyaephyra desmarestii",1.04544837337867
"unknown (melanopsidae family)",2.05178238320872
"unknown (ferrissia genus)",1.53021083119448
"unknown (hydridae family)",0.856242180807604
"unknown (culex genus)",-1.5369811028238
"boyeria irene",-0.0162056956022778
"tipula couckei",-1.24185492981572
"unknown (lymnaea genus)",1.62326070089489
"unknown (ancylus genus)",1.61897250981722
"unknown (coleoptera order)",-0.489673937187064
"unknown (acanthocephala phylum)",1.39950087096679
"asellus meridionalis",1.0162738521993
"unknown (ichneumonidae family)",-0.753339734191538
"siphlonurus lacustris",-1.18896776748517
"diura bicaudata",-1.18407706333875
"oulimnius troglodytes",-0.401996481481213
"armiger crista",1.55135655725784
"sympetrum striolatum",-0.326252575811867
"anisus leucostoma",1.51826003906849
"unknown (diplostraca order)",1.07394026484325
"culiseta annulata",-1.50304453104398
"niphargus aquilex",-0.197964800146441
"unknown (crangonyx genus)",0.0456383193998091
"labiobaetis atrebatinus",-1.0339577018997
"gyrinus urinator",-0.774340647101534
"proasellus meridianus",1.03239155658558
"caenis pusilla",-1.49227778650664
"polycentropus kingi",-1.35811658959812
"oreodytes septentrionalis",-0.73504217225229
"metalype fragilis",-1.1536070989008
"ylodes conspersus",-1.47529929418078
"hydraena rufipes",-0.406781941044957
"unknown (physa genus)",1.35645533771241
"unknown (brychius genus)",-0.42149933473119
"unknown (theodoxus genus)",1.75082980563171
"unknown (lepidostoma genus)",-1.42036904035616
"unknown (agriotypus genus)",-0.808173992241798
"unknown (odontocerum genus)",-1.43222246017343
"unknown (myxas genus)",1.59616041367586
"unknown (normandia genus)",-0.486959501617527
"unknown (micrasema genus)",-1.57450728928499
"unknown (dupophilus genus)",-0.568037228082362
"unknown (epeorus genus)",-1.79611492639981
"unknown (psychomyia genus)",-1.28598274580398
"unknown (goera genus)",-1.26257591634144
"unknown (tortricidae family)",-0.719943283165247
"unknown (neureclipsis genus)",-1.2592870377573
"unknown (thraulus genus)",-1.74001734722276
"unknown (cnidaria phylum)",1.27439272009216
"unknown (galba genus)",1.67738989469556
"unknown (hydrochus genus)",-0.502791931991072
"unknown (hydrometra genus)",-0.925057493040114
"riolus sodalis",-0.573570734687415
"unknown (cecidomyiidae family)",-1.26513473387093
"unknown (adicella genus)",-1.45406533822501
"unknown (peltodytes genus)",-0.585042140882808
"unknown (cyrnus genus)",-1.34861888936554
"unknown (notidobia genus)",-1.2522963189337
"unknown (beraeodes genus)",-1.29330504371566
"unknown (atrichops genus)",-1.37372088159901
"unknown (pilaria genus)",-1.30083519438372
"unknown (plea genus)",-0.671626934094475
"unknown (hesperocorixa genus)",-0.382652206882324
"unknown (chalcolestes genus)",-0.954704393874143
"unknown (ochthebius genus)",-0.407258602396189
"unknown (taeniopteryx genus)",-1.02093328234004
"unknown (pseudocentroptilum genus)",-1.05243435396801
"unknown (anomalopterygella genus)",-1.44561816559274
"unknown (cheumatopsyche genus)",-0.90630669739465
"unknown (chimarra genus)",-1.57633866238726
"unknown (torleya genus)",-1.0975444196283
"unknown (mermithidae family)",1.30942108656929
"unknown (oligoneuriella genus)",-1.09459015466465
"unknown (xironogiton genus)",-0.819930417208318
"unknown (ephoron genus)",-1.03746375496387
"unknown (choroterpes genus)",-1.73227491580794
"unknown (forcipomyia genus)",-1.27805502849542
"unknown (helobdella genus)",-0.779835275049845
"unknown (capnia genus)",-1.14289014530031
"unknown (lasiocephala genus)",-1.37261599959116
"unknown (anostraca order)",0.579697769640628
"unknown (acroloxus genus)",1.53522213670129
"unknown (pseudanodonta genus)",0.066880452394249
"unknown (prostoma genus)",1.20281444892627
"unknown (porifera phylum)",1.53544872051559
"unknown (potamophilus genus)",-0.491073427876267
"unknown (macronychus genus)",-0.5385180980344
"unknown (parapoynx genus)",-0.66299243836669
"unknown (menetus genus)",1.48108791090522
"unknown (hydrellia genus)",-1.34397238390503
"unknown (armiger genus)",1.50817390733078
"unknown (pomatinus genus)",-0.398966150277288
"unknown (ecnomus genus)",-1.461719305388
"unknown (boyeria genus)",-0.00805545304417118
"unknown (setodes genus)",-1.49853704415552
"unknown (blepharicera genus)",-1.35184167917167
"unknown (potamanthus genus)",-1.20759367514107
"unknown (bidessus genus)",-0.643690637018261
"unknown (mysidae family)",0.554929167853768
"unknown (hemimysis genus)",0.591393662127832
"unknown (austropotamobius genus)",0.971923485113896
"unknown (helichus genus)",-0.491434400208602
"unknown (paludicella genus)",1.31938599272337
"unknown (baetopus genus)",-1.18218378006483
"unknown (ophiogomphus genus)",-0.375011480024015
"procloeon pulchrum",-1.08601014111683
"unknown (hydrochara genus)",-0.124410605084875
"unknown (branchiobdellidae family)",-0.871090748702444
"unknown (brachyptera genus)",-0.996288195663048
"unknown (agraylea genus)",-1.38451371351422
"unknown (hippeutis genus)",1.45435669796441
"stenophylax vibex",-1.40832245118005
"echinogammarus berilloni",-0.3368714270797
"unknown (trichostegia genus)",-1.12585379352973
"unknown (ptilocolepus genus)",-1.40751045303533
"unknown (diplectrona genus)",-1.01949535223891
"onychogomphus uncatus",-0.459411551449166
"unknown (naucoris genus)",-0.582428906533527
"unknown (elophila genus)",-0.620530704024725
"unknown (bathyomphalus genus)",1.56033140402787
"unknown (branchiobdella genus)",-1.01085852911069
"unknown (molanna genus)",-1.36324428253505
"unknown (collembola class)",1.19856963154319
"unknown (cambarincola genus)",-0.812107150587771
"unknown (ranatra genus)",-0.602891016410104
"unknown (cordulia genus)",-0.256602098681231
"unknown (musculium genus)",0.745881038778774
"unknown (acentria genus)",-0.71576231953031
"unknown (cataclysta genus)",-0.678574844671068
"unknown (hemiclepsis genus)",-0.777655854557058
"unknown (erythromma genus)",0.0786086188422047
"unknown (ischnura genus)",0.114972662703497
"unknown (hypania genus)",1.3436401271755
"unknown (atyaephyra genus)",0.948985104376522
"dupophilus brevis",-0.385276676293083
"unknown (mesovelia genus)",-0.728385987102013
"unknown (atrichopogon genus)",-1.42444229677489
"unknown (rotifera phylum)",1.66259020640517
"unknown (oxygastra genus)",-0.255548386354188
"unknown (micronectidae family)",-0.750754153614143
"unknown (ameletidae family)",-1.19054192285018
"unknown (alainites genus)",-1.11012329427187
"unknown (thremma genus)",-1.32812438809189
"unknown (crunoecia genus)",-1.42520643330093
"unknown (lithax genus)",-1.39017535360308
"unknown (gordiacea genus)",-0.61180559342254
"unknown (leucorrhinia genus)",-0.224051392633764
"limnephilus germanus",-1.58331355885786
"pomatinus substriatus",-0.458410457060788
"unknown (pseudolimnophila genus)",-1.17062520122528
"unknown (synagapetus genus)",-1.30596769897119
"unknown (calamoceras genus)",-1.15286969857282
"unknown (fredericella genus)",0.906698376098831
"unknown (berosus genus)",-0.257547982523383
"brachycentrus maculatum",-1.44750930842113
"epitheca bimaculata",-0.353438297986943
"oxygastra curtisii",-0.306720523102057
"unknown (chaoborus genus)",-0.578945486174853
"unknown (margaritifera genus)",0.241696734198813
"unknown (metalype genus)",-1.21562340119826
"unknown (pachyleuctra genus)",-1.06580014921617
"unknown (neoephemera genus)",-1.23325475219069
"unknown (alboglossiphonia genus)",-0.743584171793812
"unknown (unknown ( family) order)",1.49317103024355
"unknown (urnatella genus)",1.54401442282119
"unknown (limnomysis genus)",0.598817818100195
"unknown (allotrichia genus)",-1.31947829570685
"unknown (besdolus genus)",-1.15348056601737
"unknown (beraeamyia genus)",-1.37717056451441
"unknown (atlantidae family)",1.79701536647194
"unknown (acentrella genus)",-1.04053894646965
"unknown (isoptena genus)",-1.09101203025987
"unknown (rhabdiopteryx genus)",-0.980225191116863
"unknown (dictyogenus genus)",-1.11867953924958
"paduniella vandeli",-1.26963470720833
"unknown (paduniella genus)",-1.2856850293333
"teloganopsis mesoleuca",-0.969276506744968
"unknown (silonella genus)",-1.42798749202575
"unknown (niphargidae family)",-0.0952119173853204
"unknown (helicopsyche genus)",-1.34145754816754
"unknown (nevrorthus genus)",-0.57313506427629
"nepa rubra",-0.650520423689457
"unknown (trocheta genus)",-0.48340278709085
"micrasema moestum",-1.53604363003592
"calamoceras marsupus",-1.253096620965
"corixa affinis",-0.364955906528708
"unknown (hydrophilus genus)",-0.323945323928971
"glossosoma privatum",-1.38110413594599
"mesovelia vittigera",-0.825519384418371
"unknown (scleroprocta genus)",-1.28805106440613
"unknown (proasellus genus)",1.13110038119319
"naucoris maculatus",-0.396606425256022
"unknown (planorbarius genus)",1.51080321400457
"unknown (hyphydrus genus)",-0.654370620786911
"micrasema cenerentola",-1.54850539690982
"unknown (bythiospeum genus)",1.78916892664472
"micrasema servatum",-1.62262308118545
"unknown (marthamea genus)",-1.03123375807255
"plectrocnemia laetabilis",-1.29214983678705
"rhyacophila melpomene",-1.31213721541517
"unknown (chrysopilus genus)",-1.29200492204078
"unknown (cylindrotomidae family)",-1.36557167667835
"unknown (hygrobia genus)",-0.42788231295671
"unknown (ilyocoris genus)",-0.52822932303928
"nehalennia speciosa",0.0350564717841245
"unknown (nemertea phylum)",1.06929106615998
"unknown (calyptraeidae family)",1.51916102958516
"unknown (aplexa genus)",1.32747118038578
"unknown (oligostomis genus)",-1.20128141552952
"unknown (cordylophora genus)",1.08428231412444
"unknown (oxycera genus)",-1.29462438192845
"unknown (branchiurus genus)",-1.76842415588725
"lithoglyphus naticoides",1.75584950304181
"unknown (melampophylax genus)",-1.55324099589683
"unknown (xanthoperla genus)",-1.17599468405844
"unknown (hydroscapha genus)",-0.603848058326221
"unknown (neurorthus genus)",-0.539009098015373
"unknown (potomida genus)",0.131379664706367
"unknown (schizopelex genus)",-1.37000862210863
"unknown (hirudo genus)",-0.38026182486434
"unknown (molannodes genus)",-1.3316903747233
"unknown (aulonogyrus genus)",-0.877842347163826
"rhithrogena picteti",-1.73968968660361
"unknown (arcynopteryx genus)",-1.25266070071657
"unknown (hydrobia genus)",1.74278713256213
"unknown (paratendipes genus)",-1.84992134648171
"unknown (synorthocladius genus)",-1.78500746701099
"nilotanypus dubius",-1.88264770016087
"unknown (heleniella genus)",-1.64209026774423
"unknown (mesenchytraeus genus)",1.41717234494245
"rheosmittia spinicornis",-1.81184396541924
"thienemanniella flaviforceps",-1.86171524383478
"unknown (rhynchelmis genus)",-0.761848846706226
"unknown (marionina genus)",1.35862350765414
"melampophylax melampus",-1.53494897455424
"unknown (berdeniella genus)",-1.33624892504568
"unknown (metriocnemus genus)",-1.70196882182798
"helophorus aequalis",-0.585208142087149
"unknown (cardiocladius genus)",-1.80796051990311
"unknown (rhyacodrilus genus)",1.32971920444678
"argyroneta aquatica",1.40414679614106
"unknown (lumbriculus genus)",-0.651129967651297
"libellula depressa",-0.250042279419202
"unknown (psammoryctides genus)",1.24483204020091
"unknown (neozavrelia genus)",-1.77336630643969
"obesogammarus obesus",0.0387837586275946
"caecidotea sp.",1.09669403431437
"ceriodaphnia dubia",1.33745282564747
"daphnia magna",1.56759005213313
"hyalella azteca",-0.80853361218985
"aedes sp.",-1.3568046718579
"caenis sp.",-1.65057558153257
"chaoborus obscuripes",-0.0162857355056222
"cheumatopsyche sp.",-0.668768326654305
"chironomus dilutus",-2.13490276952465
"cloeon sp.",-0.342462917569762
"coenagrion sp.",0.399230693874156
"deleatidium sp.",-2.29835138148273
"epeorus longimanus",-2.42001510937629
"ephemerella sp.",-1.13092620387776
"gyrinus sp.",-0.834234573578325
"heptageniidae",-2.2064118294855
"hexagenia sp.",0.138150905507501
"isonychia bicolor",-0.251273543051541
"maccaffertium sp.",-0.766059007976581
"micrasema sp.",-1.74933824803215
"neocloeon triangulifer",-1.909747531536
"simulium vittatum",-1.99235108608919
"stenelmis sp.",-0.468199881782221
"trichocorixa sp.",-0.485764909362536
"lampsilis fasciola",-0.118632073914379
